{"loss": [2.2032575607299805, 2.2030129432678223, 2.202035427093506, 2.2010128498077393], "accuracy": [0.20025001466274261, 0.19696851074695587, 0.19681225717067719, 0.19782795011997223], "val_loss": [2.178475856781006, 2.1987645626068115, 2.1848092079162598, 2.2189133167266846], "val_accuracy": [0.21375000476837158, 0.20000000298023224, 0.2001250833272934, 0.1899999976158142]}