{"loss": [1.629004955291748, 0.8531961441040039, 0.6807128190994263, 0.542911946773529, 0.467847615480423, 0.39694178104400635, 0.38188987970352173, 0.3479113280773163, 0.30984583497047424, 0.28837740421295166, 0.2621474862098694, 0.24691864848136902, 0.23580250144004822, 0.2239910513162613, 0.22142255306243896, 0.19667105376720428, 0.18143607676029205, 0.1994106024503708], "accuracy": [0.42159542441368103, 0.6994296312332153, 0.7578125, 0.8090475797653198, 0.8366278409957886, 0.8606141209602356, 0.8669531345367432, 0.879687488079071, 0.8942104578018188, 0.9012500047683716, 0.9087428450584412, 0.917259156703949, 0.9153839945793152, 0.9200780987739563, 0.9242128133773804, 0.9310156106948853, 0.9374951124191284, 0.9320259690284729], "val_loss": [1.8320753574371338, 0.9022183418273926, 0.926838755607605, 0.7827755808830261, 0.6382415294647217, 0.6017676591873169, 0.6635524034500122, 0.6003340482711792, 0.5847678184509277, 0.5400264263153076, 0.4276702105998993, 0.365045428276062, 0.5477579236030579, 0.5170839428901672, 0.3008895516395569, 0.42972633242607117, 0.3677479028701782, 0.3758087158203125], "val_accuracy": [0.4268749952316284, 0.6812499761581421, 0.6785491108894348, 0.7393749952316284, 0.7806249856948853, 0.8092557787895203, 0.7925000190734863, 0.8006250262260437, 0.8118749856948853, 0.8443750143051147, 0.8600000143051147, 0.871874988079071, 0.840624988079071, 0.8462499976158142, 0.8918073773384094, 0.8618749976158142, 0.8818749785423279, 0.8774999976158142]}