{"loss": [0.7369221448898315, 0.4319649040699005, 0.35477176308631897, 0.3277861773967743, 0.29895564913749695, 0.27028772234916687, 0.2577788829803467, 0.25986984372138977, 0.24830013513565063, 0.2458561211824417, 0.23296789824962616, 0.2146259844303131, 0.2149975597858429, 0.21584896743297577, 0.20906339585781097, 0.20005054771900177], "accuracy": [0.748964786529541, 0.8505352139472961, 0.8778125047683716, 0.8875693678855896, 0.8997578024864197, 0.9038281440734863, 0.9106961488723755, 0.9128056764602661, 0.9131181836128235, 0.9115555882453918, 0.9168685078620911, 0.9252285361289978, 0.925000011920929, 0.9243749976158142, 0.9297656416893005, 0.9309321045875549], "val_loss": [0.388136625289917, 0.3363683819770813, 0.2855711281299591, 0.35232263803482056, 0.2228482961654663, 0.2805165946483612, 0.20795072615146637, 0.23016664385795593, 0.21387889981269836, 0.18046855926513672, 0.18853038549423218, 0.21680191159248352, 0.13227206468582153, 0.16706913709640503, 0.18212184309959412, 0.1867314577102661], "val_accuracy": [0.8725000023841858, 0.8924999833106995, 0.9075000286102295, 0.8849281072616577, 0.9281250238418579, 0.908067524433136, 0.9305816292762756, 0.9206249713897705, 0.9268749952316284, 0.9468749761581421, 0.9312499761581421, 0.9206249713897705, 0.9574999809265137, 0.9462500214576721, 0.9418749809265137, 0.9293749928474426]}