{"loss": [1.1926294565200806, 0.5864784121513367, 0.47111883759498596, 0.4097656011581421, 0.36373940110206604, 0.35749107599258423, 0.32148805260658264, 0.31865188479423523, 0.29448121786117554], "accuracy": [0.6202046871185303, 0.8044378757476807, 0.8432689905166626, 0.865145742893219, 0.8796780705451965, 0.882031261920929, 0.8916321396827698, 0.8954606056213379, 0.900617241859436], "val_loss": [0.6923757195472717, 0.5773899555206299, 0.5543253421783447, 0.32034510374069214, 0.48652154207229614, 0.31110700964927673, 0.2994247078895569, 0.4014509916305542, 0.33889222145080566], "val_accuracy": [0.7831249833106995, 0.8106250166893005, 0.824999988079071, 0.887499988079071, 0.8462499976158142, 0.8968750238418579, 0.894934356212616, 0.8600000143051147, 0.8899999856948853]}