{"loss": [0.13472238183021545, 0.12430820614099503, 0.11791867017745972, 0.11374859511852264, 0.11218803375959396, 0.10901521146297455], "accuracy": [0.9555468559265137, 0.9581217169761658, 0.9587467908859253, 0.9606219530105591, 0.962109386920929, 0.9623408317565918], "val_loss": [0.322015643119812, 0.2822408676147461, 0.2819708287715912, 0.32946738600730896, 0.31251874566078186, 0.30422839522361755], "val_accuracy": [0.8856250047683716, 0.8962500095367432, 0.8968750238418579, 0.8837500214576721, 0.8862500190734863, 0.8956249952316284]}