{"loss": [1.4966002702713013, 1.1822705268859863, 1.1057288646697998, 1.0436477661132812, 0.9983710050582886, 0.9731597304344177, 0.939892590045929, 0.9292355179786682, 0.9101208448410034, 0.9167606830596924, 0.8877072334289551, 0.8743186593055725, 0.8639276027679443, 0.8559321165084839], "accuracy": [0.47269317507743835, 0.5779687762260437, 0.6079687476158142, 0.6334088444709778, 0.6468474268913269, 0.6561718583106995, 0.6661458015441895, 0.6666145920753479, 0.678959310054779, 0.6781780123710632, 0.6884912848472595, 0.6921634674072266, 0.6884912848472595, 0.699117124080658], "val_loss": [1.3202325105667114, 1.2864174842834473, 1.510870099067688, 1.1428276300430298, 1.284805417060852, 1.1295658349990845, 1.2085702419281006, 1.0481675863265991, 1.0311918258666992, 1.0420901775360107, 1.0466898679733276, 1.1686803102493286, 1.1145669221878052, 1.1658955812454224], "val_accuracy": [0.5287500023841858, 0.5387499928474426, 0.5062500238418579, 0.5987499952316284, 0.5741088390350342, 0.6237499713897705, 0.5787500143051147, 0.6418750286102295, 0.643750011920929, 0.6243749856948853, 0.6499999761581421, 0.606249988079071, 0.6431249976158142, 0.6237499713897705]}