{"loss": [0.9974234104156494, 0.5463771224021912, 0.4466173052787781, 0.3802051544189453, 0.36714163422584534, 0.33347222208976746, 0.302527517080307, 0.29721322655677795, 0.2850961983203888, 0.2777496576309204, 0.26851099729537964], "accuracy": [0.6783342361450195, 0.8169388175010681, 0.8499882817268372, 0.8720212578773499, 0.8769435286521912, 0.8866317868232727, 0.8966325521469116, 0.9012422561645508, 0.9048362970352173, 0.9086647629737854, 0.9091335535049438], "val_loss": [0.7600492835044861, 0.4725649654865265, 0.41134101152420044, 0.3557203710079193, 0.366769939661026, 0.3459271192550659, 0.33211031556129456, 0.27736836671829224, 0.27994439005851746, 0.3250439167022705, 0.28402194380760193], "val_accuracy": [0.7481250166893005, 0.8475000262260437, 0.8675000071525574, 0.8787500262260437, 0.893750011920929, 0.8837500214576721, 0.8949999809265137, 0.9087499976158142, 0.8999999761581421, 0.9012500047683716, 0.903124988079071]}