{"accuracy": [0.5244392156600952, 0.6611570119857788, 0.7138134837150574, 0.7262687683105469, 0.7532894611358643, 0.7645808458328247, 0.7671782970428467, 0.7910271286964417, 0.794877827167511, 0.7951127886772156], "loss": [1.4311492443084717, 0.9855197668075562, 0.8309750556945801, 0.7785007953643799, 0.7138406038284302, 0.7067629098892212, 0.6637686491012573, 0.6211291551589966, 0.6153652667999268, 0.604070246219635], "val_accuracy": [0.732421875, 0.76171875, 0.814453125, 0.8125, 0.8125, 0.814453125, 0.837890625, 0.833984375, 0.859375, 0.84765625], "val_loss": [0.8888770341873169, 0.7442829012870789, 0.6432008147239685, 0.5648664832115173, 0.5712074041366577, 0.5795583724975586, 0.48953554034233093, 0.5294095277786255, 0.41205883026123047, 0.453167587518692]}