{"loss": [1.7034491300582886, 1.1762672662734985, 0.7984511852264404, 0.5989460349082947, 0.48124900460243225, 0.4202486276626587, 0.3695800304412842, 0.34099796414375305, 0.3230813443660736, 0.28735676407814026, 0.26155513525009155, 0.24347175657749176], "accuracy": [0.39206188917160034, 0.585358202457428, 0.7169309854507446, 0.7859988808631897, 0.831705629825592, 0.8549105525016785, 0.8701460957527161, 0.8785061240196228, 0.8831940293312073, 0.8982732892036438, 0.9089772701263428, 0.9151496291160583], "val_loss": [1.6377111673355103, 1.1200639009475708, 0.9445351958274841, 0.9735368490219116, 0.6870337128639221, 0.5582649111747742, 0.35991257429122925, 0.3814587891101837, 0.2685970366001129, 0.36713218688964844, 0.4902646541595459, 0.3937084674835205], "val_accuracy": [0.3987500071525574, 0.5899999737739563, 0.6581249833106995, 0.6862499713897705, 0.7756249904632568, 0.8037499785423279, 0.8656250238418579, 0.8493750095367432, 0.9131249785423279, 0.875, 0.8399999737739563, 0.8731250166893005]}